{"cameraMode":{"drawMode":0,"name":"Shaded","section":"Shading Mode"},"sceneLighting":false,"audioPlay":false,"sceneViewState":{"m_AlwaysRefresh":false,"showFog":true,"showSkybox":false,"showFlares":true,"showImageEffects":true,"showParticleSystems":true,"showVisualEffectGraphs":true,"m_FxEnabled":true},"in2DMode":false,"pivot":{"x":-0.27069538831710818,"y":-0.13910648226737977,"z":-0.12895619869232179},"rotation":{"x":-0.03683064132928848,"y":0.9622265696525574,"z":-0.16494834423065186,"w":-0.2138950228691101},"size":0.6319479942321777,"orthographic":false}