{"cameraMode":{"drawMode":0,"name":"Shaded","section":"Shading Mode"},"sceneLighting":false,"audioPlay":false,"sceneViewState":{"m_AlwaysRefresh":false,"showFog":true,"showSkybox":false,"showFlares":true,"showImageEffects":true,"showParticleSystems":true,"showVisualEffectGraphs":true,"m_FxEnabled":true},"in2DMode":false,"pivot":{"x":-0.11193478107452393,"y":-0.24316835403442384,"z":0.1450771540403366},"rotation":{"x":-0.28970643877983096,"y":0.6449906826019287,"z":-0.28934454917907717,"w":-0.6453930735588074},"size":0.501226544380188,"orthographic":false}