{"cameraMode":{"drawMode":0,"name":"Shaded","section":"Shading Mode"},"sceneLighting":false,"audioPlay":false,"sceneViewState":{"m_AlwaysRefresh":false,"showFog":true,"showSkybox":false,"showFlares":true,"showImageEffects":true,"showParticleSystems":true,"showVisualEffectGraphs":true,"m_FxEnabled":true},"in2DMode":false,"pivot":{"x":-0.014538154006004334,"y":0.05082818865776062,"z":-0.012500503100454808},"rotation":{"x":-0.0006900724256411195,"y":-0.7023057341575623,"z":0.7120823860168457,"w":-0.0009261775412596762},"size":0.19908511638641358,"orthographic":true}