{"cameraMode":{"drawMode":0,"name":"Shaded","section":"Shading Mode"},"sceneLighting":false,"audioPlay":false,"sceneViewState":{"m_AlwaysRefresh":false,"showFog":true,"showSkybox":false,"showFlares":true,"showImageEffects":true,"showParticleSystems":true,"showVisualEffectGraphs":true,"m_FxEnabled":true},"in2DMode":false,"pivot":{"x":-0.011774852871894837,"y":0.004074908792972565,"z":-0.04664285480976105},"rotation":{"x":-0.12537704408168794,"y":0.8005354404449463,"z":-0.17960834503173829,"w":-0.5579962730407715},"size":0.04723913222551346,"orthographic":false}