{"cameraMode":{"drawMode":0,"name":"Shaded","section":"Shading Mode"},"sceneLighting":false,"audioPlay":false,"sceneViewState":{"m_AlwaysRefresh":false,"showFog":true,"showSkybox":false,"showFlares":true,"showImageEffects":true,"showParticleSystems":true,"showVisualEffectGraphs":true,"m_FxEnabled":true},"in2DMode":false,"pivot":{"x":-0.09987401962280274,"y":-1.0704636573791505,"z":0.42489510774612429},"rotation":{"x":-0.38187623023986819,"y":0.6023467183113098,"z":-0.3992424011230469,"w":-0.5761949419975281},"size":1.929284691810608,"orthographic":false}