{"cameraMode":{"drawMode":0,"name":"Shaded","section":"Shading Mode"},"sceneLighting":false,"audioPlay":false,"sceneViewState":{"m_AlwaysRefresh":false,"showFog":true,"showSkybox":false,"showFlares":true,"showImageEffects":true,"showParticleSystems":true,"showVisualEffectGraphs":true,"m_FxEnabled":true},"in2DMode":false,"pivot":{"x":0.000003814697265625,"y":-0.007283627986907959,"z":0.016176223754882814},"rotation":{"x":-0.0030616815201938154,"y":-0.993178129196167,"z":0.11703630536794663,"w":-0.022488320246338846},"size":9.480803489685059,"orthographic":false}