{"cameraMode":{"drawMode":0,"name":"Shaded","section":"Shading Mode"},"sceneLighting":false,"audioPlay":false,"sceneViewState":{"m_AlwaysRefresh":false,"showFog":true,"showSkybox":false,"showFlares":true,"showImageEffects":true,"showParticleSystems":true,"showVisualEffectGraphs":true,"m_FxEnabled":true},"in2DMode":false,"pivot":{"x":933.9326782226563,"y":562.8903198242188,"z":5.741729736328125},"rotation":{"x":-0.11108795553445816,"y":0.00949740968644619,"z":-0.0008607645286247134,"w":-0.9938676953315735},"size":199.3331756591797,"orthographic":false}