{"cameraMode":{"drawMode":0,"name":"Shaded","section":"Shading Mode"},"sceneLighting":false,"audioPlay":false,"sceneViewState":{"m_AlwaysRefresh":false,"showFog":true,"showSkybox":false,"showFlares":true,"showImageEffects":true,"showParticleSystems":true,"showVisualEffectGraphs":true,"m_FxEnabled":true},"in2DMode":false,"pivot":{"x":-0.049857258796691897,"y":0.10738128423690796,"z":0.04495072364807129},"rotation":{"x":0.16988345980644227,"y":0.812190055847168,"z":-0.28953325748443606,"w":0.47732338309288027},"size":0.37568649649620058,"orthographic":false}