{"cameraMode":{"drawMode":0,"name":"Shaded","section":"Shading Mode"},"sceneLighting":false,"audioPlay":false,"sceneViewState":{"m_AlwaysRefresh":false,"showFog":true,"showSkybox":false,"showFlares":true,"showImageEffects":true,"showParticleSystems":true,"showVisualEffectGraphs":true,"m_FxEnabled":true},"in2DMode":false,"pivot":{"x":-0.006427701562643051,"y":-0.024783268570899965,"z":-0.040281254798173907},"rotation":{"x":-0.05591406300663948,"y":0.9379398226737976,"z":-0.29197075963020327,"w":-0.1791382133960724},"size":0.0735093504190445,"orthographic":false}