{"cameraMode":{"drawMode":0,"name":"Shaded","section":"Shading Mode"},"sceneLighting":false,"audioPlay":false,"sceneViewState":{"m_AlwaysRefresh":false,"showFog":true,"showSkybox":false,"showFlares":true,"showImageEffects":true,"showParticleSystems":true,"showVisualEffectGraphs":true,"m_FxEnabled":true},"in2DMode":false,"pivot":{"x":52.674835205078128,"y":0.651326596736908,"z":56.27397537231445},"rotation":{"x":0.04863706976175308,"y":0.7000389099121094,"z":-0.047201722860336307,"w":0.7112507820129395},"size":1.8641115427017213,"orthographic":false}