{"cameraMode":{"drawMode":0,"name":"Shaded","section":"Shading Mode"},"sceneLighting":false,"audioPlay":false,"sceneViewState":{"m_AlwaysRefresh":false,"showFog":true,"showSkybox":false,"showFlares":true,"showImageEffects":true,"showParticleSystems":true,"showVisualEffectGraphs":true,"m_FxEnabled":true},"in2DMode":false,"pivot":{"x":-0.6576755046844482,"y":-0.7145274877548218,"z":0.003023698925971985},"rotation":{"x":-0.24651522934436799,"y":0.6871560215950012,"z":-0.2695084512233734,"w":-0.6283814311027527},"size":0.707572340965271,"orthographic":false}