{"cameraMode":{"drawMode":0,"name":"Shaded","section":"Shading Mode"},"sceneLighting":false,"audioPlay":false,"sceneViewState":{"m_AlwaysRefresh":false,"showFog":true,"showSkybox":false,"showFlares":true,"showImageEffects":true,"showParticleSystems":true,"showVisualEffectGraphs":true,"m_FxEnabled":true},"in2DMode":false,"pivot":{"x":0.04478827118873596,"y":-0.1867578774690628,"z":-0.4506344199180603},"rotation":{"x":0.04018884524703026,"y":0.9539535641670227,"z":-0.25819170475006106,"w":0.14881578087806703},"size":0.4330126941204071,"orthographic":false}