{"cameraMode":{"drawMode":0,"name":"Shaded","section":"Shading Mode"},"sceneLighting":false,"audioPlay":false,"sceneViewState":{"m_AlwaysRefresh":false,"showFog":true,"showSkybox":false,"showFlares":true,"showImageEffects":true,"showParticleSystems":true,"showVisualEffectGraphs":true,"m_FxEnabled":true},"in2DMode":false,"pivot":{"x":0.050684504210948947,"y":0.08829620480537415,"z":0.05959998071193695},"rotation":{"x":-0.6123732328414917,"y":0.0053971209563314919,"z":-0.004132596775889397,"w":-0.7909786701202393},"size":0.2138117402791977,"orthographic":false}