{"cameraMode":{"drawMode":0,"name":"Shaded","section":"Shading Mode"},"sceneLighting":false,"audioPlay":false,"sceneViewState":{"m_AlwaysRefresh":false,"showFog":true,"showSkybox":false,"showFlares":true,"showImageEffects":true,"showParticleSystems":true,"showVisualEffectGraphs":true,"m_FxEnabled":true},"in2DMode":false,"pivot":{"x":-1.1920928955078126e-7,"y":0.6519177556037903,"z":-0.02026832103729248},"rotation":{"x":-0.2146066129207611,"y":0.019601531326770784,"z":-0.0041441177017986778,"w":-0.9765944480895996},"size":1.3341352939605713,"orthographic":false}