{"cameraMode":{"drawMode":0,"name":"Shaded","section":"Shading Mode"},"sceneLighting":false,"audioPlay":false,"sceneViewState":{"m_AlwaysRefresh":false,"showFog":true,"showSkybox":false,"showFlares":true,"showImageEffects":true,"showParticleSystems":true,"showVisualEffectGraphs":true,"m_FxEnabled":true},"in2DMode":false,"pivot":{"x":0.011080354452133179,"y":-0.00001731887459754944,"z":-0.006414532661437988},"rotation":{"x":0.06582597643136978,"y":0.9343286156654358,"z":-0.24240444600582124,"w":0.2542795240879059},"size":0.3502790331840515,"orthographic":false}