{"cameraMode":{"drawMode":0,"name":"Shaded","section":"Shading Mode"},"sceneLighting":false,"audioPlay":false,"sceneViewState":{"m_AlwaysRefresh":false,"showFog":true,"showSkybox":false,"showFlares":true,"showImageEffects":true,"showParticleSystems":true,"showVisualEffectGraphs":true,"m_FxEnabled":true},"in2DMode":false,"pivot":{"x":18.421092987060548,"y":0.20239564776420594,"z":15.882190704345704},"rotation":{"x":-0.06643473356962204,"y":0.9309271574020386,"z":-0.2133236676454544,"w":-0.2892230749130249},"size":0.6734682321548462,"orthographic":false}