{"cameraMode":{"drawMode":0,"name":"Shaded","section":"Shading Mode"},"sceneLighting":false,"audioPlay":false,"sceneViewState":{"m_AlwaysRefresh":false,"showFog":true,"showSkybox":false,"showFlares":true,"showImageEffects":true,"showParticleSystems":true,"showVisualEffectGraphs":true,"m_FxEnabled":true},"in2DMode":false,"pivot":{"x":1.7307631969451905,"y":-0.029598474502563478,"z":0.8345998525619507},"rotation":{"x":-0.0040196883492171768,"y":0.888921856880188,"z":-0.45805832743644717,"w":-0.007715776562690735},"size":1.4493451118469239,"orthographic":false}