{"cameraMode":{"drawMode":0,"name":"Shaded","section":"Shading Mode"},"sceneLighting":false,"audioPlay":false,"sceneViewState":{"m_AlwaysRefresh":false,"showFog":true,"showSkybox":false,"showFlares":true,"showImageEffects":true,"showParticleSystems":true,"showVisualEffectGraphs":true,"m_FxEnabled":true},"in2DMode":false,"pivot":{"x":875.1588134765625,"y":503.27703857421877,"z":345.79107666015627},"rotation":{"x":0.07969747483730316,"y":-0.03135623410344124,"z":0.0023396864999085666,"w":0.9964190721511841},"size":425.4305419921875,"orthographic":false}