{"cameraMode":{"drawMode":0,"name":"Shaded","section":"Shading Mode"},"sceneLighting":false,"audioPlay":false,"sceneViewState":{"m_AlwaysRefresh":false,"showFog":true,"showSkybox":false,"showFlares":true,"showImageEffects":true,"showParticleSystems":true,"showVisualEffectGraphs":true,"m_FxEnabled":true},"in2DMode":false,"pivot":{"x":0.005536973476409912,"y":0.07470893859863281,"z":-0.05021302402019501},"rotation":{"x":0.21102552115917207,"y":0.6754090785980225,"z":-0.211465984582901,"w":0.6745555400848389},"size":0.46041643619537356,"orthographic":false}