{"cameraMode":{"drawMode":0,"name":"Shaded","section":"Shading Mode"},"sceneLighting":false,"audioPlay":false,"sceneViewState":{"m_AlwaysRefresh":false,"showFog":true,"showSkybox":false,"showFlares":true,"showImageEffects":true,"showParticleSystems":true,"showVisualEffectGraphs":true,"m_FxEnabled":true},"in2DMode":false,"pivot":{"x":-0.00902104377746582,"y":0.08153051882982254,"z":-0.00007295608520507813},"rotation":{"x":0.056891798973083499,"y":0.4369462728500366,"z":-0.02770783193409443,"w":0.8975105881690979},"size":0.46041643619537356,"orthographic":false}