{"cameraMode":{"drawMode":0,"name":"Shaded","section":"Shading Mode"},"sceneLighting":false,"audioPlay":false,"sceneViewState":{"m_AlwaysRefresh":false,"showFog":true,"showSkybox":false,"showFlares":true,"showImageEffects":true,"showParticleSystems":true,"showVisualEffectGraphs":true,"m_FxEnabled":true},"in2DMode":false,"pivot":{"x":0.048652827739715579,"y":-0.16159415245056153,"z":0.5259757041931152},"rotation":{"x":-0.4755995571613312,"y":-0.5240257382392883,"z":0.48433271050453188,"w":-0.5150945782661438},"size":0.6111384630203247,"orthographic":false}