{"cameraMode":{"drawMode":0,"name":"Shaded","section":"Shading Mode"},"sceneLighting":false,"audioPlay":false,"sceneViewState":{"m_AlwaysRefresh":false,"showFog":true,"showSkybox":false,"showFlares":true,"showImageEffects":true,"showParticleSystems":true,"showVisualEffectGraphs":true,"m_FxEnabled":true},"in2DMode":false,"pivot":{"x":-0.008256331086158753,"y":0.13312646746635438,"z":-0.06318311393260956},"rotation":{"x":-0.13532908260822297,"y":0.8648985028266907,"z":-0.3422037661075592,"w":-0.3416573703289032},"size":0.18689507246017457,"orthographic":false}