{"cameraMode":{"drawMode":0,"name":"Shaded","section":"Shading Mode"},"sceneLighting":false,"audioPlay":false,"sceneViewState":{"m_AlwaysRefresh":false,"showFog":true,"showSkybox":false,"showFlares":true,"showImageEffects":true,"showParticleSystems":true,"showVisualEffectGraphs":true,"m_FxEnabled":true},"in2DMode":false,"pivot":{"x":-0.04515010863542557,"y":0.010530471801757813,"z":0.13328014314174653},"rotation":{"x":-0.46530959010124209,"y":-0.5332006216049194,"z":0.5279656648635864,"w":-0.47026169300079348},"size":0.39406654238700869,"orthographic":false}