{"cameraMode":{"drawMode":0,"name":"Shaded","section":"Shading Mode"},"sceneLighting":false,"audioPlay":false,"sceneViewState":{"m_AlwaysRefresh":false,"showFog":true,"showSkybox":false,"showFlares":true,"showImageEffects":true,"showParticleSystems":true,"showVisualEffectGraphs":true,"m_FxEnabled":true},"in2DMode":false,"pivot":{"x":-0.035667479038238528,"y":0.9297060370445252,"z":-1.0010275840759278},"rotation":{"x":0.036711279302835467,"y":-0.9637960195541382,"z":0.190636545419693,"w":0.18472988903522492},"size":1.3599539995193482,"orthographic":false}