{"cameraMode":{"drawMode":0,"name":"Shaded","section":"Shading Mode"},"sceneLighting":false,"audioPlay":false,"sceneViewState":{"m_AlwaysRefresh":false,"showFog":true,"showSkybox":false,"showFlares":true,"showImageEffects":true,"showParticleSystems":true,"showVisualEffectGraphs":true,"m_FxEnabled":true},"in2DMode":false,"pivot":{"x":2.6427807807922365,"y":0.012373685836791993,"z":1.1817777156829835},"rotation":{"x":0.27624258399009707,"y":0.6268279552459717,"z":-0.2534976601600647,"w":0.6830552816390991},"size":3.3953776359558107,"orthographic":false}