{"cameraMode":{"drawMode":0,"name":"Shaded","section":"Shading Mode"},"sceneLighting":false,"audioPlay":false,"sceneViewState":{"m_AlwaysRefresh":false,"showFog":true,"showSkybox":false,"showFlares":true,"showImageEffects":true,"showParticleSystems":true,"showVisualEffectGraphs":true,"m_FxEnabled":true},"in2DMode":false,"pivot":{"x":-0.07473713159561157,"y":0.19686275720596314,"z":-0.29099029302597048},"rotation":{"x":0.12358449399471283,"y":0.8510449528694153,"z":-0.2318294495344162,"w":0.45483824610710146},"size":0.6474361419677734,"orthographic":false}