{"cameraMode":{"drawMode":0,"name":"Shaded","section":"Shading Mode"},"sceneLighting":false,"audioPlay":false,"sceneViewState":{"m_AlwaysRefresh":false,"showFog":true,"showSkybox":false,"showFlares":true,"showImageEffects":true,"showParticleSystems":true,"showVisualEffectGraphs":true,"m_FxEnabled":true},"in2DMode":false,"pivot":{"x":-108.58300018310547,"y":22.826904296875,"z":2.6742401123046877},"rotation":{"x":0.04380016401410103,"y":0.0030528667848557235,"z":-0.0002435478672850877,"w":0.9991416335105896},"size":114.10564422607422,"orthographic":false}