{"cameraMode":{"drawMode":0,"name":"Shaded","section":"Shading Mode"},"sceneLighting":false,"audioPlay":false,"sceneViewState":{"m_AlwaysRefresh":false,"showFog":true,"showSkybox":false,"showFlares":true,"showImageEffects":true,"showParticleSystems":true,"showVisualEffectGraphs":true,"m_FxEnabled":true},"in2DMode":false,"pivot":{"x":-0.0493927001953125,"y":0.674939751625061,"z":-0.024619489908218385},"rotation":{"x":0.17804068326950074,"y":-0.6933807134628296,"z":0.18331173062324525,"w":0.6742977499961853},"size":1.2580578327178956,"orthographic":false}