{"cameraMode":{"drawMode":0,"name":"Shaded","section":"Shading Mode"},"sceneLighting":false,"audioPlay":false,"sceneViewState":{"m_AlwaysRefresh":false,"showFog":true,"showSkybox":false,"showFlares":true,"showImageEffects":true,"showParticleSystems":true,"showVisualEffectGraphs":true,"m_FxEnabled":true},"in2DMode":false,"pivot":{"x":-0.5871849060058594,"y":-0.2447601556777954,"z":0.18009230494499207},"rotation":{"x":-0.1511222869157791,"y":0.6421829462051392,"z":-0.13099908828735352,"w":-0.7403077483177185},"size":0.47388389706611636,"orthographic":false}