{"cameraMode":{"drawMode":0,"name":"Shaded","section":"Shading Mode"},"sceneLighting":false,"audioPlay":false,"sceneViewState":{"m_AlwaysRefresh":false,"showFog":true,"showSkybox":false,"showFlares":true,"showImageEffects":true,"showParticleSystems":true,"showVisualEffectGraphs":true,"m_FxEnabled":true},"in2DMode":false,"pivot":{"x":0.006026953458786011,"y":0.20033973455429078,"z":-0.0003214329481124878},"rotation":{"x":-0.035658098757267,"y":0.9627561569213867,"z":-0.21760116517543794,"w":-0.15707716345787049},"size":0.30958279967308047,"orthographic":false}