{"cameraMode":{"drawMode":0,"name":"Shaded","section":"Shading Mode"},"sceneLighting":false,"audioPlay":false,"sceneViewState":{"m_AlwaysRefresh":false,"showFog":true,"showSkybox":false,"showFlares":true,"showImageEffects":true,"showParticleSystems":true,"showVisualEffectGraphs":true,"m_FxEnabled":true},"in2DMode":false,"pivot":{"x":1102.1580810546875,"y":587.2711181640625,"z":173.61715698242188},"rotation":{"x":0.09848902374505997,"y":0.11323972046375275,"z":-0.011474237777292729,"w":0.9887049794197083},"size":199.28427124023438,"orthographic":false}