{"cameraMode":{"drawMode":0,"name":"Shaded","section":"Shading Mode"},"sceneLighting":false,"audioPlay":false,"sceneViewState":{"m_AlwaysRefresh":false,"showFog":true,"showSkybox":false,"showFlares":true,"showImageEffects":true,"showParticleSystems":true,"showVisualEffectGraphs":true,"m_FxEnabled":true},"in2DMode":false,"pivot":{"x":1.7100005149841309,"y":2.0782995223999025,"z":-0.1149132251739502},"rotation":{"x":0.06177681311964989,"y":0.877623438835144,"z":-0.4606311619281769,"w":0.11818621307611466},"size":3.1046576499938967,"orthographic":false}