{"cameraMode":{"drawMode":0,"name":"Shaded","section":"Shading Mode"},"sceneLighting":false,"audioPlay":false,"sceneViewState":{"m_AlwaysRefresh":false,"showFog":true,"showSkybox":false,"showFlares":true,"showImageEffects":true,"showParticleSystems":true,"showVisualEffectGraphs":true,"m_FxEnabled":true},"in2DMode":false,"pivot":{"x":-0.01090943068265915,"y":-0.011746704578399659,"z":0.08819960057735443},"rotation":{"x":0.44694703817367556,"y":0.5531129837036133,"z":-0.48542657494544985,"w":0.5092865824699402},"size":0.39621594548225405,"orthographic":false}