{"cameraMode":{"drawMode":0,"name":"Shaded","section":"Shading Mode"},"sceneLighting":false,"audioPlay":false,"sceneViewState":{"m_AlwaysRefresh":false,"showFog":true,"showSkybox":false,"showFlares":true,"showImageEffects":true,"showParticleSystems":true,"showVisualEffectGraphs":true,"m_FxEnabled":true},"in2DMode":false,"pivot":{"x":0.00024700164794921875,"y":0.5438443422317505,"z":0.03261613845825195},"rotation":{"x":-0.1472329944372177,"y":0.8377353549003601,"z":-0.27458277344703677,"w":-0.4486868679523468},"size":1.8759583234786988,"orthographic":false}