{"cameraMode":{"drawMode":0,"name":"Shaded","section":"Shading Mode"},"sceneLighting":false,"audioPlay":false,"sceneViewState":{"m_AlwaysRefresh":false,"showFog":true,"showSkybox":false,"showFlares":true,"showImageEffects":true,"showParticleSystems":true,"showVisualEffectGraphs":true,"m_FxEnabled":true},"in2DMode":false,"pivot":{"x":-0.2926097512245178,"y":0.9743221998214722,"z":-0.06367969512939453},"rotation":{"x":0.004040658939629793,"y":-0.9950183033943176,"z":0.0901239663362503,"w":0.04914397373795509},"size":1.0374524593353272,"orthographic":false}