{"cameraMode":{"drawMode":0,"name":"Shaded","section":"Shading Mode"},"sceneLighting":false,"audioPlay":false,"sceneViewState":{"m_AlwaysRefresh":false,"showFog":true,"showSkybox":false,"showFlares":true,"showImageEffects":true,"showParticleSystems":true,"showVisualEffectGraphs":true,"m_FxEnabled":true},"in2DMode":false,"pivot":{"x":-0.03173738718032837,"y":-0.08782243728637696,"z":0.13879501819610597},"rotation":{"x":0.21760287880897523,"y":-0.7543846964836121,"z":0.30366837978363039,"w":0.5400343537330627},"size":0.18730060756206513,"orthographic":false}