{"cameraMode":{"drawMode":0,"name":"Shaded","section":"Shading Mode"},"sceneLighting":false,"audioPlay":false,"sceneViewState":{"m_AlwaysRefresh":false,"showFog":true,"showSkybox":false,"showFlares":true,"showImageEffects":true,"showParticleSystems":true,"showVisualEffectGraphs":true,"m_FxEnabled":true},"in2DMode":false,"pivot":{"x":-0.3430010676383972,"y":-0.03963151574134827,"z":-0.00179373100399971},"rotation":{"x":-0.13799437880516053,"y":0.6791417598724365,"z":-0.1322423219680786,"w":-0.7087101340293884},"size":0.500485360622406,"orthographic":false}