{"cameraMode":{"drawMode":0,"name":"Shaded","section":"Shading Mode"},"sceneLighting":false,"audioPlay":false,"sceneViewState":{"m_AlwaysRefresh":false,"showFog":true,"showSkybox":false,"showFlares":true,"showImageEffects":true,"showParticleSystems":true,"showVisualEffectGraphs":true,"m_FxEnabled":true},"in2DMode":false,"pivot":{"x":-0.0011568069458007813,"y":1.161075234413147,"z":0.11136388778686524},"rotation":{"x":-0.035658098757267,"y":0.9627561569213867,"z":-0.21760116517543794,"w":-0.15707716345787049},"size":2.616976022720337,"orthographic":false}