{"cameraMode":{"drawMode":0,"name":"Shaded","section":"Shading Mode"},"sceneLighting":false,"audioPlay":false,"sceneViewState":{"m_AlwaysRefresh":false,"showFog":true,"showSkybox":false,"showFlares":true,"showImageEffects":true,"showParticleSystems":true,"showVisualEffectGraphs":true,"m_FxEnabled":true},"in2DMode":false,"pivot":{"x":-0.0114283487200737,"y":-0.0005658902227878571,"z":0.7259118556976318},"rotation":{"x":-0.4647146761417389,"y":-0.5340953469276428,"z":0.4731845259666443,"w":-0.5249518752098084},"size":0.4933035671710968,"orthographic":false}