{"cameraMode":{"drawMode":0,"name":"Shaded","section":"Shading Mode"},"sceneLighting":false,"audioPlay":false,"sceneViewState":{"m_AlwaysRefresh":false,"showFog":true,"showSkybox":false,"showFlares":true,"showImageEffects":true,"showParticleSystems":true,"showVisualEffectGraphs":true,"m_FxEnabled":true},"in2DMode":false,"pivot":{"x":0.4461221694946289,"y":0.05580863356590271,"z":0.48844051361083987},"rotation":{"x":0.2615686357021332,"y":0.7217444777488709,"z":-0.3529362976551056,"w":0.5349084734916687},"size":0.7150692939758301,"orthographic":false}