{"cameraMode":{"drawMode":0,"name":"Shaded","section":"Shading Mode"},"sceneLighting":false,"audioPlay":false,"sceneViewState":{"m_AlwaysRefresh":false,"showFog":true,"showSkybox":false,"showFlares":true,"showImageEffects":true,"showParticleSystems":true,"showVisualEffectGraphs":true,"m_FxEnabled":true},"in2DMode":false,"pivot":{"x":-0.04506748914718628,"y":0.03944869339466095,"z":-0.006851077079772949},"rotation":{"x":0.13189779222011567,"y":-0.025249384343624116,"z":0.003160955151543021,"w":0.9910331964492798},"size":0.2726466655731201,"orthographic":false}