{"cameraMode":{"drawMode":0,"name":"Shaded","section":"Shading Mode"},"sceneLighting":false,"audioPlay":false,"sceneViewState":{"m_AlwaysRefresh":false,"showFog":true,"showSkybox":false,"showFlares":true,"showImageEffects":true,"showParticleSystems":true,"showVisualEffectGraphs":true,"m_FxEnabled":true},"in2DMode":false,"pivot":{"x":-0.02763405442237854,"y":0.013983741402626038,"z":-0.0030845850706100466},"rotation":{"x":0.251631498336792,"y":-0.13146968185901643,"z":0.03496691584587097,"w":0.9584372639656067},"size":0.2804621160030365,"orthographic":false}