{"cameraMode":{"drawMode":0,"name":"Shaded","section":"Shading Mode"},"sceneLighting":false,"audioPlay":false,"sceneViewState":{"m_AlwaysRefresh":false,"showFog":true,"showSkybox":false,"showFlares":true,"showImageEffects":true,"showParticleSystems":true,"showVisualEffectGraphs":true,"m_FxEnabled":true},"in2DMode":false,"pivot":{"x":1.9670445919036866,"y":0.6863497495651245,"z":1.629056692123413},"rotation":{"x":-0.18156598508358003,"y":-0.7192180156707764,"z":0.20370420813560487,"w":-0.6393587589263916},"size":1.7668342590332032,"orthographic":false}