{"cameraMode":{"drawMode":0,"name":"Shaded","section":"Shading Mode"},"sceneLighting":false,"audioPlay":false,"sceneViewState":{"m_AlwaysRefresh":false,"showFog":true,"showSkybox":false,"showFlares":true,"showImageEffects":true,"showParticleSystems":true,"showVisualEffectGraphs":true,"m_FxEnabled":true},"in2DMode":false,"pivot":{"x":1.6147072315216065,"y":0.6859397888183594,"z":1.8232972621917725},"rotation":{"x":0.22834497690200807,"y":0.7715102434158325,"z":-0.4108317494392395,"w":0.4288228750228882},"size":1.2459923028945923,"orthographic":false}