{"cameraMode":{"drawMode":0,"name":"Shaded","section":"Shading Mode"},"sceneLighting":false,"audioPlay":false,"sceneViewState":{"m_AlwaysRefresh":false,"showFog":true,"showSkybox":false,"showFlares":true,"showImageEffects":true,"showParticleSystems":true,"showVisualEffectGraphs":true,"m_FxEnabled":true},"in2DMode":false,"pivot":{"x":0.3011559844017029,"y":-0.03931654989719391,"z":0.06578266620635987},"rotation":{"x":0.0016734071541577578,"y":-0.8591081500053406,"z":0.5118380188941956,"w":0.0028342190198600294},"size":2.0320751667022707,"orthographic":false}