{"cameraMode":{"drawMode":0,"name":"Shaded","section":"Shading Mode"},"sceneLighting":false,"audioPlay":false,"sceneViewState":{"m_AlwaysRefresh":false,"showFog":true,"showSkybox":false,"showFlares":true,"showImageEffects":true,"showParticleSystems":true,"showVisualEffectGraphs":true,"m_FxEnabled":true},"in2DMode":false,"pivot":{"x":-0.014423072338104248,"y":-0.022454962134361268,"z":0.2686057686805725},"rotation":{"x":0.23529857397079469,"y":0.5790219306945801,"z":-0.17938950657844544,"w":0.7600268125534058},"size":0.27323371171951296,"orthographic":false}