{"cameraMode":{"drawMode":0,"name":"Shaded","section":"Shading Mode"},"sceneLighting":false,"audioPlay":false,"sceneViewState":{"m_AlwaysRefresh":false,"showFog":true,"showSkybox":false,"showFlares":true,"showImageEffects":true,"showParticleSystems":true,"showVisualEffectGraphs":true,"m_FxEnabled":true},"in2DMode":false,"pivot":{"x":-0.0008832216262817383,"y":0.9755574464797974,"z":0.012963652610778809},"rotation":{"x":-0.2146066129207611,"y":0.019601531326770784,"z":-0.0041441177017986778,"w":-0.9765944480895996},"size":2.2161366939544679,"orthographic":false}