{"cameraMode":{"drawMode":0,"name":"Shaded","section":"Shading Mode"},"sceneLighting":true,"audioPlay":false,"sceneViewState":{"m_AlwaysRefresh":false,"showFog":true,"showSkybox":true,"showFlares":true,"showImageEffects":true,"showParticleSystems":true,"showVisualEffectGraphs":true,"m_FxEnabled":true},"in2DMode":false,"pivot":{"x":1101.5302734375,"y":54.957679748535159,"z":810.8607177734375},"rotation":{"x":0.15194039046764375,"y":0.33764979243278506,"z":-0.055264268070459369,"w":0.9277958273887634},"size":116.68599700927735,"orthographic":false}