{"cameraMode":{"drawMode":0,"name":"Shaded","section":"Shading Mode"},"sceneLighting":false,"audioPlay":false,"sceneViewState":{"m_AlwaysRefresh":false,"showFog":true,"showSkybox":false,"showFlares":true,"showImageEffects":true,"showParticleSystems":true,"showVisualEffectGraphs":true,"m_FxEnabled":true},"in2DMode":false,"pivot":{"x":-0.011942021548748017,"y":-0.013291701674461365,"z":0.057727694511413577},"rotation":{"x":-0.011273297481238842,"y":-0.9578467011451721,"z":0.2856197953224182,"w":-0.036587364971637729},"size":0.46041643619537356,"orthographic":false}