{"cameraMode":{"drawMode":0,"name":"Shaded","section":"Shading Mode"},"sceneLighting":false,"audioPlay":false,"sceneViewState":{"m_AlwaysRefresh":false,"showFog":true,"showSkybox":false,"showFlares":true,"showImageEffects":true,"showParticleSystems":true,"showVisualEffectGraphs":true,"m_FxEnabled":true},"in2DMode":false,"pivot":{"x":0.3027036786079407,"y":-0.8203670978546143,"z":-0.005925655364990234},"rotation":{"x":0.006573478691279888,"y":-0.884694516658783,"z":0.4660058617591858,"w":0.01248117070645094},"size":1.1650537252426148,"orthographic":false}