{"cameraMode":{"drawMode":0,"name":"Shaded","section":"Shading Mode"},"sceneLighting":false,"audioPlay":false,"sceneViewState":{"m_AlwaysRefresh":false,"showFog":true,"showSkybox":false,"showFlares":true,"showImageEffects":true,"showParticleSystems":true,"showVisualEffectGraphs":true,"m_FxEnabled":true},"in2DMode":false,"pivot":{"x":-0.3403550386428833,"y":-0.2433992624282837,"z":0.2843860983848572},"rotation":{"x":-0.24862973392009736,"y":0.47342467308044436,"z":-0.14101161062717439,"w":-0.833440363407135},"size":0.5547904968261719,"orthographic":false}