{"cameraMode":{"drawMode":0,"name":"Shaded","section":"Shading Mode"},"sceneLighting":false,"audioPlay":false,"sceneViewState":{"m_AlwaysRefresh":false,"showFog":true,"showSkybox":false,"showFlares":true,"showImageEffects":true,"showParticleSystems":true,"showVisualEffectGraphs":true,"m_FxEnabled":true},"in2DMode":false,"pivot":{"x":0.017943143844604493,"y":0.022703588008880616,"z":-0.014875411987304688},"rotation":{"x":0.2561725676059723,"y":-0.6743330359458923,"z":0.27014005184173586,"w":0.6383528709411621},"size":0.8822997808456421,"orthographic":false}