{"cameraMode":{"drawMode":0,"name":"Shaded","section":"Shading Mode"},"sceneLighting":false,"audioPlay":false,"sceneViewState":{"m_AlwaysRefresh":false,"showFog":true,"showSkybox":false,"showFlares":true,"showImageEffects":true,"showParticleSystems":true,"showVisualEffectGraphs":true,"m_FxEnabled":true},"in2DMode":false,"pivot":{"x":-0.2973012924194336,"y":0.042300134897232059,"z":-0.08865632116794586},"rotation":{"x":0.2515591084957123,"y":0.6007320284843445,"z":-0.2069723755121231,"w":0.7300931215286255},"size":0.3495483100414276,"orthographic":false}