{"cameraMode":{"drawMode":0,"name":"Shaded","section":"Shading Mode"},"sceneLighting":false,"audioPlay":false,"sceneViewState":{"m_AlwaysRefresh":false,"showFog":true,"showSkybox":false,"showFlares":true,"showImageEffects":true,"showParticleSystems":true,"showVisualEffectGraphs":true,"m_FxEnabled":true},"in2DMode":false,"pivot":{"x":-0.038353294134140018,"y":-0.05015242099761963,"z":0.32666724920272829},"rotation":{"x":-0.3478010892868042,"y":0.5711226463317871,"z":-0.28987210988998415,"w":-0.6848524212837219},"size":0.43396586179733279,"orthographic":false}