{"cameraMode":{"drawMode":0,"name":"Shaded","section":"Shading Mode"},"sceneLighting":false,"audioPlay":false,"sceneViewState":{"m_AlwaysRefresh":false,"showFog":true,"showSkybox":false,"showFlares":true,"showImageEffects":true,"showParticleSystems":true,"showVisualEffectGraphs":true,"m_FxEnabled":true},"in2DMode":false,"pivot":{"x":-0.03862874209880829,"y":-0.019869953393936158,"z":0.05615055561065674},"rotation":{"x":0.18081945180892945,"y":0.005895301699638367,"z":-0.0013680998235940934,"w":0.9835858941078186},"size":0.3698335587978363,"orthographic":false}