{"cameraMode":{"drawMode":0,"name":"Shaded","section":"Shading Mode"},"sceneLighting":false,"audioPlay":false,"sceneViewState":{"m_AlwaysRefresh":false,"showFog":true,"showSkybox":false,"showFlares":true,"showImageEffects":true,"showParticleSystems":true,"showVisualEffectGraphs":true,"m_FxEnabled":true},"in2DMode":false,"pivot":{"x":2.992500066757202,"y":-0.08258113265037537,"z":1.2569999694824219},"rotation":{"x":-0.0040196883492171768,"y":0.888921856880188,"z":-0.45805832743644717,"w":-0.007715776562690735},"size":2.9940273761749269,"orthographic":false}