{"cameraMode":{"drawMode":0,"name":"Shaded","section":"Shading Mode"},"sceneLighting":false,"audioPlay":false,"sceneViewState":{"m_AlwaysRefresh":false,"showFog":true,"showSkybox":false,"showFlares":true,"showImageEffects":true,"showParticleSystems":true,"showVisualEffectGraphs":true,"m_FxEnabled":true},"in2DMode":false,"pivot":{"x":-0.5226150751113892,"y":-0.05833405256271362,"z":0.5404279232025147},"rotation":{"x":-0.008202753961086274,"y":-0.9525263905525208,"z":0.3043835461139679,"w":-0.024350889027118684},"size":0.7088723182678223,"orthographic":false}