{"cameraMode":{"drawMode":0,"name":"Shaded","section":"Shading Mode"},"sceneLighting":true,"audioPlay":false,"sceneViewState":{"m_AlwaysRefresh":false,"showFog":true,"showSkybox":false,"showFlares":true,"showImageEffects":true,"showParticleSystems":true,"showVisualEffectGraphs":true,"m_FxEnabled":true},"in2DMode":false,"pivot":{"x":0.3959667682647705,"y":0.10930728912353516,"z":0.5674569606781006},"rotation":{"x":0.3341033160686493,"y":0.6122369170188904,"z":-0.3192262053489685,"w":0.6417244672775269},"size":2.1825931072235109,"orthographic":false}