{"cameraMode":{"drawMode":0,"name":"Shaded","section":"Shading Mode"},"sceneLighting":false,"audioPlay":false,"sceneViewState":{"m_AlwaysRefresh":false,"showFog":true,"showSkybox":false,"showFlares":true,"showImageEffects":true,"showParticleSystems":true,"showVisualEffectGraphs":true,"m_FxEnabled":true},"in2DMode":false,"pivot":{"x":1047.7916259765625,"y":497.8194274902344,"z":-1.256500244140625},"rotation":{"x":0.0393013060092926,"y":-0.013444291427731514,"z":0.00033023979631252587,"w":0.9992326498031616},"size":127.26302337646485,"orthographic":false}