{"cameraMode":{"drawMode":0,"name":"Shaded","section":"Shading Mode"},"sceneLighting":false,"audioPlay":false,"sceneViewState":{"m_AlwaysRefresh":false,"showFog":true,"showSkybox":false,"showFlares":true,"showImageEffects":true,"showParticleSystems":true,"showVisualEffectGraphs":true,"m_FxEnabled":true},"in2DMode":false,"pivot":{"x":-0.03932611271739006,"y":0.09233340620994568,"z":0.14884063601493836},"rotation":{"x":-0.1644466519355774,"y":-0.04510141536593437,"z":0.007406879216432571,"w":-0.9856808185577393},"size":0.26450687646865847,"orthographic":false}