{"cameraMode":{"drawMode":0,"name":"Shaded","section":"Shading Mode"},"sceneLighting":false,"audioPlay":false,"sceneViewState":{"m_AlwaysRefresh":false,"showFog":true,"showSkybox":false,"showFlares":true,"showImageEffects":true,"showParticleSystems":true,"showVisualEffectGraphs":true,"m_FxEnabled":true},"in2DMode":false,"pivot":{"x":-0.25201907753944399,"y":-0.001787424087524414,"z":0.108695387840271},"rotation":{"x":0.004145680461078882,"y":0.796453595161438,"z":-0.6052238941192627,"w":0.005033169407397509},"size":1.2869962453842164,"orthographic":false}