{"cameraMode":{"drawMode":0,"name":"Shaded","section":"Shading Mode"},"sceneLighting":false,"audioPlay":false,"sceneViewState":{"m_AlwaysRefresh":false,"showFog":true,"showSkybox":false,"showFlares":true,"showImageEffects":true,"showParticleSystems":true,"showVisualEffectGraphs":true,"m_FxEnabled":true},"in2DMode":false,"pivot":{"x":0.10432600975036621,"y":0.2455611228942871,"z":0.948768675327301},"rotation":{"x":-0.3003808259963989,"y":-0.4460577070713043,"z":0.16212810575962068,"w":-0.8274738192558289},"size":1.0785982608795167,"orthographic":false}