{"cameraMode":{"drawMode":0,"name":"Shaded","section":"Shading Mode"},"sceneLighting":false,"audioPlay":false,"sceneViewState":{"m_AlwaysRefresh":false,"showFog":true,"showSkybox":false,"showFlares":true,"showImageEffects":true,"showParticleSystems":true,"showVisualEffectGraphs":true,"m_FxEnabled":true},"in2DMode":false,"pivot":{"x":-0.07784567773342133,"y":-0.1420384645462036,"z":0.18172772228717805},"rotation":{"x":-0.3874533176422119,"y":0.5873226523399353,"z":-0.3778684735298157,"w":-0.6019486784934998},"size":0.24740898609161378,"orthographic":false}