{"cameraMode":{"drawMode":0,"name":"Shaded","section":"Shading Mode"},"sceneLighting":false,"audioPlay":false,"sceneViewState":{"m_AlwaysRefresh":false,"showFog":true,"showSkybox":false,"showFlares":true,"showImageEffects":true,"showParticleSystems":true,"showVisualEffectGraphs":true,"m_FxEnabled":true},"in2DMode":false,"pivot":{"x":0.03181399405002594,"y":-0.34337276220321658,"z":0.19911231100559236},"rotation":{"x":-0.42450299859046938,"y":-0.5729265809059143,"z":0.4576045274734497,"w":-0.5318330526351929},"size":0.4949881136417389,"orthographic":false}