{"cameraMode":{"drawMode":0,"name":"Shaded","section":"Shading Mode"},"sceneLighting":false,"audioPlay":false,"sceneViewState":{"m_AlwaysRefresh":false,"showFog":true,"showSkybox":false,"showFlares":true,"showImageEffects":true,"showParticleSystems":true,"showVisualEffectGraphs":true,"m_FxEnabled":true},"in2DMode":false,"pivot":{"x":-0.018385935574769975,"y":0.009882852435112,"z":-0.013707347214221955},"rotation":{"x":-0.10577058047056198,"y":0.8155393600463867,"z":-0.15744157135486604,"w":-0.5469150543212891},"size":0.0458575040102005,"orthographic":false}