{"cameraMode":{"drawMode":0,"name":"Shaded","section":"Shading Mode"},"sceneLighting":false,"audioPlay":false,"sceneViewState":{"m_AlwaysRefresh":false,"showFog":true,"showSkybox":false,"showFlares":true,"showImageEffects":true,"showParticleSystems":true,"showVisualEffectGraphs":true,"m_FxEnabled":true},"in2DMode":false,"pivot":{"x":0.021252989768981935,"y":1.3630597591400147,"z":0.009952783584594727},"rotation":{"x":-0.05591406300663948,"y":0.9379398226737976,"z":-0.29197075963020327,"w":-0.1791382133960724},"size":1.5952283143997193,"orthographic":false}