{"cameraMode":{"drawMode":0,"name":"Shaded","section":"Shading Mode"},"sceneLighting":true,"audioPlay":false,"sceneViewState":{"m_AlwaysRefresh":false,"showFog":true,"showSkybox":false,"showFlares":true,"showImageEffects":true,"showParticleSystems":true,"showVisualEffectGraphs":true,"m_FxEnabled":true},"in2DMode":false,"pivot":{"x":1.1693708896636963,"y":-0.7860927581787109,"z":-1.5359888076782227},"rotation":{"x":0.005616847891360521,"y":0.9692524671554565,"z":-0.2452387511730194,"w":0.023591196164488794},"size":2.7031543254852297,"orthographic":false}