{"cameraMode":{"drawMode":0,"name":"Shaded","section":"Shading Mode"},"sceneLighting":true,"audioPlay":false,"sceneViewState":{"m_AlwaysRefresh":false,"showFog":true,"showSkybox":false,"showFlares":true,"showImageEffects":true,"showParticleSystems":true,"showVisualEffectGraphs":true,"m_FxEnabled":true},"in2DMode":false,"pivot":{"x":0.5674302577972412,"y":0.009980201721191407,"z":-2.0686850547790529},"rotation":{"x":0.005012691952288151,"y":0.9718093276023865,"z":-0.23505616188049317,"w":0.022191980853676797},"size":3.5975024700164797,"orthographic":false}