{"cameraMode":{"drawMode":0,"name":"Shaded","section":"Shading Mode"},"sceneLighting":false,"audioPlay":false,"sceneViewState":{"m_AlwaysRefresh":false,"showFog":true,"showSkybox":false,"showFlares":true,"showImageEffects":true,"showParticleSystems":true,"showVisualEffectGraphs":true,"m_FxEnabled":true},"in2DMode":false,"pivot":{"x":-0.5299275517463684,"y":4.593940258026123,"z":2.059662342071533},"rotation":{"x":-0.09016995131969452,"y":-0.02032015286386013,"z":0.0018227850086987019,"w":-0.9957360625267029},"size":1.9750807285308838,"orthographic":false}