{"cameraMode":{"drawMode":0,"name":"Shaded","section":"Shading Mode"},"sceneLighting":false,"audioPlay":false,"sceneViewState":{"m_AlwaysRefresh":false,"showFog":true,"showSkybox":false,"showFlares":true,"showImageEffects":true,"showParticleSystems":true,"showVisualEffectGraphs":true,"m_FxEnabled":true},"in2DMode":false,"pivot":{"x":-0.5311222076416016,"y":-0.11401832103729248,"z":0.061430931091308597},"rotation":{"x":-0.07686547189950943,"y":0.9227045774459839,"z":-0.24818898737430573,"w":-0.28514397144317629},"size":1.612168312072754,"orthographic":false}