{"cameraMode":{"drawMode":0,"name":"Shaded","section":"Shading Mode"},"sceneLighting":false,"audioPlay":false,"sceneViewState":{"m_AlwaysRefresh":false,"showFog":true,"showSkybox":false,"showFlares":true,"showImageEffects":true,"showParticleSystems":true,"showVisualEffectGraphs":true,"m_FxEnabled":true},"in2DMode":false,"pivot":{"x":0.2552938163280487,"y":-0.4042831063270569,"z":0.5100014805793762},"rotation":{"x":0.3576647937297821,"y":0.0551283098757267,"z":-0.020748745650053026,"w":0.9322752952575684},"size":0.9348963499069214,"orthographic":false}