{"cameraMode":{"drawMode":0,"name":"Shaded","section":"Shading Mode"},"sceneLighting":false,"audioPlay":false,"sceneViewState":{"m_AlwaysRefresh":false,"showFog":true,"showSkybox":false,"showFlares":true,"showImageEffects":true,"showParticleSystems":true,"showVisualEffectGraphs":true,"m_FxEnabled":true},"in2DMode":false,"pivot":{"x":-0.020036980509757997,"y":0.021168887615203859,"z":-0.11571837961673737},"rotation":{"x":-0.12955370545387269,"y":0.8652366399765015,"z":-0.2864840030670166,"w":-0.39077290892601015},"size":0.18109098076820374,"orthographic":false}