{"cameraMode":{"drawMode":0,"name":"Shaded","section":"Shading Mode"},"sceneLighting":false,"audioPlay":false,"sceneViewState":{"m_AlwaysRefresh":false,"showFog":true,"showSkybox":false,"showFlares":true,"showImageEffects":true,"showParticleSystems":true,"showVisualEffectGraphs":true,"m_FxEnabled":true},"in2DMode":false,"pivot":{"x":-0.03390628099441528,"y":0.1903296709060669,"z":0.23336774110794068},"rotation":{"x":-0.24994756281375886,"y":0.6373364925384522,"z":-0.2303503155708313,"w":-0.6915925145149231},"size":0.2712135314941406,"orthographic":false}