{"cameraMode":{"drawMode":0,"name":"Shaded","section":"Shading Mode"},"sceneLighting":false,"audioPlay":false,"sceneViewState":{"m_AlwaysRefresh":false,"showFog":true,"showSkybox":false,"showFlares":true,"showImageEffects":true,"showParticleSystems":true,"showVisualEffectGraphs":true,"m_FxEnabled":true},"in2DMode":false,"pivot":{"x":-1.1920928955078126e-7,"y":0.8744620084762573,"z":-0.024376705288887025},"rotation":{"x":0.004040658939629793,"y":-0.9950183033943176,"z":0.0901239663362503,"w":0.04914397373795509},"size":1.4284840822219849,"orthographic":false}