{"cameraMode":{"drawMode":0,"name":"Shaded","section":"Shading Mode"},"sceneLighting":false,"audioPlay":false,"sceneViewState":{"m_AlwaysRefresh":false,"showFog":true,"showSkybox":false,"showFlares":true,"showImageEffects":true,"showParticleSystems":true,"showVisualEffectGraphs":true,"m_FxEnabled":true},"in2DMode":false,"pivot":{"x":-0.03398165851831436,"y":-0.08687716722488404,"z":0.7964980602264404},"rotation":{"x":-0.46716994047164919,"y":-0.5320879817008972,"z":0.4786178469657898,"w":-0.5198653340339661},"size":0.5688962340354919,"orthographic":false}