{"cameraMode":{"drawMode":0,"name":"Shaded","section":"Shading Mode"},"sceneLighting":false,"audioPlay":false,"sceneViewState":{"m_AlwaysRefresh":false,"showFog":true,"showSkybox":false,"showFlares":true,"showImageEffects":true,"showParticleSystems":true,"showVisualEffectGraphs":true,"m_FxEnabled":true},"in2DMode":false,"pivot":{"x":0.050860196352005008,"y":-0.2375626266002655,"z":0.06844240427017212},"rotation":{"x":-0.17560388147830964,"y":-0.334392249584198,"z":0.0636126846075058,"w":-0.924117922782898},"size":0.2845872938632965,"orthographic":false}