{"cameraMode":{"drawMode":0,"name":"Shaded","section":"Shading Mode"},"sceneLighting":false,"audioPlay":false,"sceneViewState":{"m_AlwaysRefresh":false,"showFog":true,"showSkybox":false,"showFlares":true,"showImageEffects":true,"showParticleSystems":true,"showVisualEffectGraphs":true,"m_FxEnabled":true},"in2DMode":false,"pivot":{"x":2.053856134414673,"y":-0.9256000518798828,"z":-0.011510888114571572},"rotation":{"x":0.23352856934070588,"y":0.6658016443252564,"z":-0.23128099739551545,"w":0.6702263355255127},"size":1.6224372386932374,"orthographic":false}