{"cameraMode":{"drawMode":0,"name":"Shaded","section":"Shading Mode"},"sceneLighting":false,"audioPlay":false,"sceneViewState":{"m_AlwaysRefresh":false,"showFog":true,"showSkybox":false,"showFlares":true,"showImageEffects":true,"showParticleSystems":true,"showVisualEffectGraphs":true,"m_FxEnabled":true},"in2DMode":false,"pivot":{"x":0.024144142866134645,"y":0.010894104838371277,"z":0.021392472088336946},"rotation":{"x":-0.035658098757267,"y":0.9627561569213867,"z":-0.21760116517543794,"w":-0.15707716345787049},"size":0.3277275860309601,"orthographic":false}