{"cameraMode":{"drawMode":0,"name":"Shaded","section":"Shading Mode"},"sceneLighting":false,"audioPlay":false,"sceneViewState":{"m_AlwaysRefresh":false,"showFog":true,"showSkybox":false,"showFlares":true,"showImageEffects":true,"showParticleSystems":true,"showVisualEffectGraphs":true,"m_FxEnabled":true},"in2DMode":false,"pivot":{"x":0.09816157072782517,"y":0.01202327013015747,"z":-0.06027011573314667},"rotation":{"x":-0.47485631704330447,"y":-0.5202715396881104,"z":0.449971467256546,"w":-0.5495937466621399},"size":0.2644428610801697,"orthographic":false}