{"cameraMode":{"drawMode":0,"name":"Shaded","section":"Shading Mode"},"sceneLighting":false,"audioPlay":false,"sceneViewState":{"m_AlwaysRefresh":false,"showFog":true,"showSkybox":false,"showFlares":true,"showImageEffects":true,"showParticleSystems":true,"showVisualEffectGraphs":true,"m_FxEnabled":true},"in2DMode":false,"pivot":{"x":978.9343872070313,"y":514.5353393554688,"z":-2.285980224609375},"rotation":{"x":-0.04979705810546875,"y":0.006836701184511185,"z":-0.00015905692998785526,"w":-0.9989008903503418},"size":218.6809844970703,"orthographic":false}