{"cameraMode":{"drawMode":0,"name":"Shaded","section":"Shading Mode"},"sceneLighting":false,"audioPlay":false,"sceneViewState":{"m_AlwaysRefresh":false,"showFog":true,"showSkybox":false,"showFlares":true,"showImageEffects":true,"showParticleSystems":true,"showVisualEffectGraphs":true,"m_FxEnabled":true},"in2DMode":false,"pivot":{"x":0.015702620148658754,"y":0.09201490879058838,"z":-0.21540045738220216},"rotation":{"x":0.010465558618307114,"y":-0.8183867335319519,"z":0.5748105645179749,"w":0.015526271425187588},"size":0.8812947273254395,"orthographic":false}