{"cameraMode":{"drawMode":0,"name":"Shaded","section":"Shading Mode"},"sceneLighting":false,"audioPlay":false,"sceneViewState":{"m_AlwaysRefresh":false,"showFog":true,"showSkybox":false,"showFlares":true,"showImageEffects":true,"showParticleSystems":true,"showVisualEffectGraphs":true,"m_FxEnabled":true},"in2DMode":false,"pivot":{"x":-0.00391814112663269,"y":0.4191571772098541,"z":0.02278575301170349},"rotation":{"x":-0.04882412031292915,"y":0.9485409259796143,"z":-0.1802288293838501,"w":-0.2561282813549042},"size":0.42467549443244936,"orthographic":false}