{"cameraMode":{"drawMode":0,"name":"Shaded","section":"Shading Mode"},"sceneLighting":false,"audioPlay":false,"sceneViewState":{"m_AlwaysRefresh":false,"showFog":true,"showSkybox":false,"showFlares":true,"showImageEffects":true,"showParticleSystems":true,"showVisualEffectGraphs":true,"m_FxEnabled":true},"in2DMode":false,"pivot":{"x":-0.31714296340942385,"y":-0.026768922805786134,"z":0.27059298753738406},"rotation":{"x":-0.22953322529792787,"y":0.668734610080719,"z":-0.2291906177997589,"w":-0.6691614389419556},"size":0.8578776121139526,"orthographic":false}