{"cameraMode":{"drawMode":0,"name":"Shaded","section":"Shading Mode"},"sceneLighting":false,"audioPlay":false,"sceneViewState":{"m_AlwaysRefresh":false,"showFog":true,"showSkybox":false,"showFlares":true,"showImageEffects":true,"showParticleSystems":true,"showVisualEffectGraphs":true,"m_FxEnabled":true},"in2DMode":false,"pivot":{"x":-5.960464477539063e-8,"y":1.3999990224838257,"z":0.008928656578063965},"rotation":{"x":-0.035658098757267,"y":0.9627561569213867,"z":-0.21760116517543794,"w":-0.15707716345787049},"size":1.7398450374603272,"orthographic":false}