{"cameraMode":{"drawMode":0,"name":"Shaded","section":"Shading Mode"},"sceneLighting":false,"audioPlay":false,"sceneViewState":{"m_AlwaysRefresh":false,"showFog":true,"showSkybox":false,"showFlares":true,"showImageEffects":true,"showParticleSystems":true,"showVisualEffectGraphs":true,"m_FxEnabled":true},"in2DMode":false,"pivot":{"x":2.8160457611083986,"y":-1.8300912380218506,"z":-0.8706192970275879},"rotation":{"x":-0.10891816765069962,"y":-0.8815443515777588,"z":0.24855510890483857,"w":-0.38638225197792055},"size":3.4897985458374025,"orthographic":false}