{"cameraMode":{"drawMode":0,"name":"Shaded","section":"Shading Mode"},"sceneLighting":false,"audioPlay":false,"sceneViewState":{"m_AlwaysRefresh":false,"showFog":true,"showSkybox":false,"showFlares":true,"showImageEffects":true,"showParticleSystems":true,"showVisualEffectGraphs":true,"m_FxEnabled":true},"in2DMode":false,"pivot":{"x":3.1096856594085695,"y":0.07901501655578613,"z":4.613234519958496},"rotation":{"x":-0.2668936252593994,"y":-0.25880181789398196,"z":0.07467024028301239,"w":-0.9253486394882202},"size":4.103716850280762,"orthographic":false}