{"cameraMode":{"drawMode":0,"name":"Shaded","section":"Shading Mode"},"sceneLighting":false,"audioPlay":false,"sceneViewState":{"m_AlwaysRefresh":false,"showFog":true,"showSkybox":false,"showFlares":true,"showImageEffects":true,"showParticleSystems":true,"showVisualEffectGraphs":true,"m_FxEnabled":true},"in2DMode":false,"pivot":{"x":0.030705347657203676,"y":0.05923987925052643,"z":0.11980260163545609},"rotation":{"x":-0.17517787218093873,"y":-0.6742578148841858,"z":0.16965419054031373,"w":-0.6972873210906982},"size":0.12835581600666047,"orthographic":false}