{"cameraMode":{"drawMode":0,"name":"Shaded","section":"Shading Mode"},"sceneLighting":false,"audioPlay":false,"sceneViewState":{"m_AlwaysRefresh":false,"showFog":true,"showSkybox":false,"showFlares":true,"showImageEffects":true,"showParticleSystems":true,"showVisualEffectGraphs":true,"m_FxEnabled":true},"in2DMode":false,"pivot":{"x":0.0017189085483551026,"y":-8.940696716308594e-8,"z":0.0000032186508178710939},"rotation":{"x":-0.09561029821634293,"y":0.8542010188102722,"z":-0.16890498995780946,"w":-0.48256033658981326},"size":0.41140836477279665,"orthographic":false}