{"cameraMode":{"drawMode":0,"name":"Shaded","section":"Shading Mode"},"sceneLighting":false,"audioPlay":false,"sceneViewState":{"m_AlwaysRefresh":false,"showFog":true,"showSkybox":false,"showFlares":true,"showImageEffects":true,"showParticleSystems":true,"showVisualEffectGraphs":true,"m_FxEnabled":true},"in2DMode":false,"pivot":{"x":-0.10496461391448975,"y":-0.006806790828704834,"z":-0.008251288905739785},"rotation":{"x":-0.18471243977546693,"y":0.6964407563209534,"z":-0.19287192821502686,"w":-0.6662171483039856},"size":0.29834407567977908,"orthographic":false}