{"cameraMode":{"drawMode":0,"name":"Shaded","section":"Shading Mode"},"sceneLighting":false,"audioPlay":false,"sceneViewState":{"m_AlwaysRefresh":false,"showFog":true,"showSkybox":false,"showFlares":true,"showImageEffects":true,"showParticleSystems":true,"showVisualEffectGraphs":true,"m_FxEnabled":true},"in2DMode":false,"pivot":{"x":-0.050970613956451419,"y":-0.0036135315895080568,"z":0.016870856285095216},"rotation":{"x":0.12778910994529725,"y":0.436030775308609,"z":-0.06273002177476883,"w":0.8888554573059082},"size":0.46041643619537356,"orthographic":false}