{"cameraMode":{"drawMode":0,"name":"Shaded","section":"Shading Mode"},"sceneLighting":false,"audioPlay":false,"sceneViewState":{"m_AlwaysRefresh":false,"showFog":true,"showSkybox":false,"showFlares":true,"showImageEffects":true,"showParticleSystems":true,"showVisualEffectGraphs":true,"m_FxEnabled":true},"in2DMode":false,"pivot":{"x":0.12293447554111481,"y":0.3149941563606262,"z":0.00862741470336914},"rotation":{"x":0.0539761483669281,"y":0.1059006005525589,"z":-0.005841991398483515,"w":0.9930301904678345},"size":0.8159518241882324,"orthographic":false}