{"cameraMode":{"drawMode":0,"name":"Shaded","section":"Shading Mode"},"sceneLighting":false,"audioPlay":false,"sceneViewState":{"m_AlwaysRefresh":false,"showFog":true,"showSkybox":false,"showFlares":true,"showImageEffects":true,"showParticleSystems":true,"showVisualEffectGraphs":true,"m_FxEnabled":true},"in2DMode":false,"pivot":{"x":-0.08261933922767639,"y":0.03035634756088257,"z":0.21836721897125245},"rotation":{"x":0.4927268326282501,"y":0.5075653791427612,"z":-0.5024744868278503,"w":0.4978220760822296},"size":0.38901975750923159,"orthographic":false}