{"cameraMode":{"drawMode":0,"name":"Shaded","section":"Shading Mode"},"sceneLighting":false,"audioPlay":false,"sceneViewState":{"m_AlwaysRefresh":false,"showFog":true,"showSkybox":false,"showFlares":true,"showImageEffects":true,"showParticleSystems":true,"showVisualEffectGraphs":true,"m_FxEnabled":true},"in2DMode":false,"pivot":{"x":0.03802964463829994,"y":0.011364217847585678,"z":-0.045565880835056308},"rotation":{"x":-0.06517590582370758,"y":-0.9145491123199463,"z":0.16392794251441956,"w":-0.3643924593925476},"size":0.08037175238132477,"orthographic":false}