{"cameraMode":{"drawMode":0,"name":"Shaded","section":"Shading Mode"},"sceneLighting":false,"audioPlay":false,"sceneViewState":{"m_AlwaysRefresh":false,"showFog":true,"showSkybox":false,"showFlares":true,"showImageEffects":true,"showParticleSystems":true,"showVisualEffectGraphs":true,"m_FxEnabled":true},"in2DMode":false,"pivot":{"x":0.00046443939208984375,"y":1.2014018297195435,"z":0.05388212203979492},"rotation":{"x":-0.05591406300663948,"y":0.9379398226737976,"z":-0.29197075963020327,"w":-0.1791382133960724},"size":3.487330913543701,"orthographic":false}