{"cameraMode":{"drawMode":0,"name":"Shaded","section":"Shading Mode"},"sceneLighting":false,"audioPlay":false,"sceneViewState":{"m_AlwaysRefresh":false,"showFog":true,"showSkybox":false,"showFlares":true,"showImageEffects":true,"showParticleSystems":true,"showVisualEffectGraphs":true,"m_FxEnabled":true},"in2DMode":false,"pivot":{"x":0.0004591941833496094,"y":1.3548882007598878,"z":-0.08311784267425537},"rotation":{"x":0.004040658939629793,"y":-0.9950183033943176,"z":0.0901239663362503,"w":0.04914397373795509},"size":2.5940065383911135,"orthographic":false}