{"cameraMode":{"drawMode":0,"name":"Shaded","section":"Shading Mode"},"sceneLighting":false,"audioPlay":false,"sceneViewState":{"m_AlwaysRefresh":false,"showFog":true,"showSkybox":false,"showFlares":true,"showImageEffects":true,"showParticleSystems":true,"showVisualEffectGraphs":true,"m_FxEnabled":true},"in2DMode":false,"pivot":{"x":-0.044797539710998538,"y":0.044066429138183597,"z":0.042803287506103519},"rotation":{"x":-0.20829346776008607,"y":0.6248354315757752,"z":-0.17856916785240174,"w":-0.7315083146095276},"size":0.7759037613868713,"orthographic":false}