{"cameraMode":{"drawMode":0,"name":"Shaded","section":"Shading Mode"},"sceneLighting":false,"audioPlay":false,"sceneViewState":{"m_AlwaysRefresh":false,"showFog":true,"showSkybox":false,"showFlares":true,"showImageEffects":true,"showParticleSystems":true,"showVisualEffectGraphs":true,"m_FxEnabled":true},"in2DMode":false,"pivot":{"x":1.1920928955078126e-7,"y":0.4482736885547638,"z":0.011905550956726075},"rotation":{"x":-0.2146066129207611,"y":0.019601531326770784,"z":-0.0041441177017986778,"w":-0.9765944480895996},"size":0.8771916627883911,"orthographic":false}