{"cameraMode":{"drawMode":0,"name":"Shaded","section":"Shading Mode"},"sceneLighting":false,"audioPlay":false,"sceneViewState":{"m_AlwaysRefresh":false,"showFog":true,"showSkybox":false,"showFlares":true,"showImageEffects":true,"showParticleSystems":true,"showVisualEffectGraphs":true,"m_FxEnabled":true},"in2DMode":false,"pivot":{"x":-0.5394375920295715,"y":-0.052763402462005618,"z":0.5356019735336304},"rotation":{"x":-0.008202753961086274,"y":-0.9525263905525208,"z":0.3043835461139679,"w":-0.024350889027118684},"size":0.7088723182678223,"orthographic":false}