{"cameraMode":{"drawMode":0,"name":"Shaded","section":"Shading Mode"},"sceneLighting":false,"audioPlay":false,"sceneViewState":{"m_AlwaysRefresh":false,"showFog":true,"showSkybox":false,"showFlares":true,"showImageEffects":true,"showParticleSystems":true,"showVisualEffectGraphs":true,"m_FxEnabled":true},"in2DMode":false,"pivot":{"x":-0.5116562843322754,"y":-0.15019893646240235,"z":-0.013640254735946656},"rotation":{"x":-0.035658098757267,"y":0.9627561569213867,"z":-0.21760116517543794,"w":-0.15707716345787049},"size":0.7434126734733582,"orthographic":false}