{"cameraMode":{"drawMode":0,"name":"Shaded","section":"Shading Mode"},"sceneLighting":false,"audioPlay":false,"sceneViewState":{"m_AlwaysRefresh":false,"showFog":true,"showSkybox":false,"showFlares":true,"showImageEffects":true,"showParticleSystems":true,"showVisualEffectGraphs":true,"m_FxEnabled":true},"in2DMode":false,"pivot":{"x":0.5720881223678589,"y":-0.0006153583526611328,"z":-0.1718233823776245},"rotation":{"x":-0.07085668295621872,"y":0.9158968329429627,"z":-0.18542392551898957,"w":-0.3491784334182739},"size":0.4370182156562805,"orthographic":false}