{"cameraMode":{"drawMode":0,"name":"Shaded","section":"Shading Mode"},"sceneLighting":false,"audioPlay":false,"sceneViewState":{"m_AlwaysRefresh":false,"showFog":true,"showSkybox":false,"showFlares":true,"showImageEffects":true,"showParticleSystems":true,"showVisualEffectGraphs":true,"m_FxEnabled":true},"in2DMode":false,"pivot":{"x":-0.00044580549001693726,"y":0.021272405982017518,"z":-0.026221640408039094},"rotation":{"x":-0.04088589921593666,"y":0.957529604434967,"z":-0.23004694283008576,"w":-0.16952267289161683},"size":0.09370958060026169,"orthographic":false}