{"cameraMode":{"drawMode":0,"name":"Shaded","section":"Shading Mode"},"sceneLighting":false,"audioPlay":false,"sceneViewState":{"m_AlwaysRefresh":false,"showFog":true,"showSkybox":false,"showFlares":true,"showImageEffects":true,"showParticleSystems":true,"showVisualEffectGraphs":true,"m_FxEnabled":true},"in2DMode":false,"pivot":{"x":-0.0590558722615242,"y":0.19915950298309327,"z":0.3152397871017456},"rotation":{"x":-0.009428760036826134,"y":0.834522008895874,"z":-0.5513108372688294,"w":-0.01473487913608551},"size":0.7256277799606323,"orthographic":false}