{"cameraMode":{"drawMode":0,"name":"Shaded","section":"Shading Mode"},"sceneLighting":false,"audioPlay":false,"sceneViewState":{"m_AlwaysRefresh":false,"showFog":true,"showSkybox":false,"showFlares":true,"showImageEffects":true,"showParticleSystems":true,"showVisualEffectGraphs":true,"m_FxEnabled":true},"in2DMode":false,"pivot":{"x":0.6256870031356812,"y":0.11971473693847656,"z":0.23053351044654847},"rotation":{"x":0.2497158944606781,"y":0.6725281476974487,"z":-0.25884944200515749,"w":0.6472105979919434},"size":1.0377708673477173,"orthographic":false}