{"cameraMode":{"drawMode":0,"name":"Shaded","section":"Shading Mode"},"sceneLighting":false,"audioPlay":false,"sceneViewState":{"m_AlwaysRefresh":false,"showFog":true,"showSkybox":false,"showFlares":true,"showImageEffects":true,"showParticleSystems":true,"showVisualEffectGraphs":true,"m_FxEnabled":true},"in2DMode":false,"pivot":{"x":0.49635326862335207,"y":0.09106001257896424,"z":0.4978735148906708},"rotation":{"x":0.07173874229192734,"y":-0.5993291735649109,"z":0.05470339208841324,"w":0.7958092093467712},"size":0.7150692939758301,"orthographic":false}