{"cameraMode":{"drawMode":0,"name":"Shaded","section":"Shading Mode"},"sceneLighting":false,"audioPlay":false,"sceneViewState":{"m_AlwaysRefresh":false,"showFog":true,"showSkybox":false,"showFlares":true,"showImageEffects":true,"showParticleSystems":true,"showVisualEffectGraphs":true,"m_FxEnabled":true},"in2DMode":false,"pivot":{"x":-0.00480257160961628,"y":0.0029169321060180666,"z":-0.0003710649907588959},"rotation":{"x":-0.08688358962535858,"y":0.8957192897796631,"z":-0.3874746859073639,"w":-0.20049089193344117},"size":0.049592260271310809,"orthographic":false}