{"cameraMode":{"drawMode":0,"name":"Shaded","section":"Shading Mode"},"sceneLighting":false,"audioPlay":false,"sceneViewState":{"m_AlwaysRefresh":false,"showFog":true,"showSkybox":false,"showFlares":true,"showImageEffects":true,"showParticleSystems":true,"showVisualEffectGraphs":true,"m_FxEnabled":true},"in2DMode":false,"pivot":{"x":-0.0003985166549682617,"y":0.693684458732605,"z":0.011956930160522461},"rotation":{"x":-0.05591406300663948,"y":0.9379398226737976,"z":-0.29197075963020327,"w":-0.1791382133960724},"size":2.0440382957458498,"orthographic":false}