{"cameraMode":{"drawMode":0,"name":"Shaded","section":"Shading Mode"},"sceneLighting":false,"audioPlay":false,"sceneViewState":{"m_AlwaysRefresh":false,"showFog":true,"showSkybox":false,"showFlares":true,"showImageEffects":true,"showParticleSystems":true,"showVisualEffectGraphs":true,"m_FxEnabled":true},"in2DMode":false,"pivot":{"x":0.1387234926223755,"y":-0.0744268000125885,"z":0.11573484539985657},"rotation":{"x":0.18106190860271455,"y":0.6925756931304932,"z":-0.1863861382007599,"w":0.6732519865036011},"size":0.38056474924087527,"orthographic":false}