{"cameraMode":{"drawMode":0,"name":"Shaded","section":"Shading Mode"},"sceneLighting":false,"audioPlay":false,"sceneViewState":{"m_AlwaysRefresh":false,"showFog":true,"showSkybox":false,"showFlares":true,"showImageEffects":true,"showParticleSystems":true,"showVisualEffectGraphs":true,"m_FxEnabled":true},"in2DMode":false,"pivot":{"x":-0.0036716461181640627,"y":0.1736602783203125,"z":0.00014197826385498047},"rotation":{"x":-0.2146066129207611,"y":0.019601531326770784,"z":-0.0041441177017986778,"w":-0.9765944480895996},"size":0.9668864011764526,"orthographic":false}