{"cameraMode":{"drawMode":0,"name":"Shaded","section":"Shading Mode"},"sceneLighting":false,"audioPlay":false,"sceneViewState":{"m_AlwaysRefresh":false,"showFog":true,"showSkybox":false,"showFlares":true,"showImageEffects":true,"showParticleSystems":true,"showVisualEffectGraphs":true,"m_FxEnabled":true},"in2DMode":false,"pivot":{"x":-0.27896976470947268,"y":3.5345380306243898,"z":0.34215307235717776},"rotation":{"x":-0.11783946305513382,"y":0.8745690584182739,"z":-0.26507893204689028,"w":-0.3886632025241852},"size":3.5816922187805177,"orthographic":false}