{"cameraMode":{"drawMode":0,"name":"Shaded","section":"Shading Mode"},"sceneLighting":false,"audioPlay":false,"sceneViewState":{"m_AlwaysRefresh":false,"showFog":true,"showSkybox":false,"showFlares":true,"showImageEffects":true,"showParticleSystems":true,"showVisualEffectGraphs":true,"m_FxEnabled":true},"in2DMode":false,"pivot":{"x":-0.000777333159931004,"y":0.001873726025223732,"z":0.003069564700126648},"rotation":{"x":-0.0036459392867982389,"y":0.9440122842788696,"z":-0.3300134837627411,"w":-0.009583523496985436},"size":0.007483757566660643,"orthographic":false}