{"cameraMode":{"drawMode":0,"name":"Shaded","section":"Shading Mode"},"sceneLighting":false,"audioPlay":false,"sceneViewState":{"m_AlwaysRefresh":false,"showFog":true,"showSkybox":false,"showFlares":true,"showImageEffects":true,"showParticleSystems":true,"showVisualEffectGraphs":true,"m_FxEnabled":true},"in2DMode":false,"pivot":{"x":0.10313165187835694,"y":0.3061790466308594,"z":-0.08203696459531784},"rotation":{"x":-0.36891958117485049,"y":-0.6204224228858948,"z":0.4097350537776947,"w":-0.5582192540168762},"size":0.5495967268943787,"orthographic":false}