{"cameraMode":{"drawMode":0,"name":"Shaded","section":"Shading Mode"},"sceneLighting":false,"audioPlay":false,"sceneViewState":{"m_AlwaysRefresh":false,"showFog":true,"showSkybox":false,"showFlares":true,"showImageEffects":true,"showParticleSystems":true,"showVisualEffectGraphs":true,"m_FxEnabled":true},"in2DMode":false,"pivot":{"x":0.2725222110748291,"y":0.33168816566467287,"z":0.3803747892379761},"rotation":{"x":0.2522292733192444,"y":0.6791161298751831,"z":-0.26999855041503909,"w":0.634833574295044},"size":0.7429689764976502,"orthographic":false}