{"cameraMode":{"drawMode":0,"name":"Shaded","section":"Shading Mode"},"sceneLighting":false,"audioPlay":false,"sceneViewState":{"m_AlwaysRefresh":false,"showFog":true,"showSkybox":false,"showFlares":true,"showImageEffects":true,"showParticleSystems":true,"showVisualEffectGraphs":true,"m_FxEnabled":true},"in2DMode":false,"pivot":{"x":-0.04146614670753479,"y":-0.045421302318573,"z":-0.04555000364780426},"rotation":{"x":-0.14508451521396638,"y":0.8539221882820129,"z":-0.37854233384132388,"w":-0.32700037956237795},"size":0.1889546662569046,"orthographic":false}