{"cameraMode":{"drawMode":0,"name":"Shaded","section":"Shading Mode"},"sceneLighting":false,"audioPlay":false,"sceneViewState":{"m_AlwaysRefresh":false,"showFog":true,"showSkybox":false,"showFlares":true,"showImageEffects":true,"showParticleSystems":true,"showVisualEffectGraphs":true,"m_FxEnabled":true},"in2DMode":false,"pivot":{"x":0.1766706109046936,"y":0.3496451675891876,"z":0.2260112762451172},"rotation":{"x":-0.17217670381069184,"y":-0.6568843722343445,"z":0.15797224640846253,"w":-0.7170824408531189},"size":0.5220269560813904,"orthographic":false}