{"cameraMode":{"drawMode":0,"name":"Shaded","section":"Shading Mode"},"sceneLighting":false,"audioPlay":false,"sceneViewState":{"m_AlwaysRefresh":false,"showFog":true,"showSkybox":false,"showFlares":true,"showImageEffects":true,"showParticleSystems":true,"showVisualEffectGraphs":true,"m_FxEnabled":true},"in2DMode":false,"pivot":{"x":0.5679757595062256,"y":1.3800017833709717,"z":-0.016704082489013673},"rotation":{"x":0.0027955183759331705,"y":-0.9951058030128479,"z":0.09614402800798416,"w":0.03209899738430977},"size":2.681586742401123,"orthographic":false}