{"cameraMode":{"drawMode":0,"name":"Shaded","section":"Shading Mode"},"sceneLighting":false,"audioPlay":false,"sceneViewState":{"m_AlwaysRefresh":false,"showFog":true,"showSkybox":false,"showFlares":true,"showImageEffects":true,"showParticleSystems":true,"showVisualEffectGraphs":true,"m_FxEnabled":true},"in2DMode":false,"pivot":{"x":0.02242676541209221,"y":0.0035560131072998049,"z":0.03651042282581329},"rotation":{"x":-0.4647146761417389,"y":-0.5340953469276428,"z":0.4731845259666443,"w":-0.5249518752098084},"size":0.21053996682167054,"orthographic":false}