{"cameraMode":{"drawMode":0,"name":"Shaded","section":"Shading Mode"},"sceneLighting":false,"audioPlay":false,"sceneViewState":{"m_AlwaysRefresh":false,"showFog":true,"showSkybox":false,"showFlares":true,"showImageEffects":true,"showParticleSystems":true,"showVisualEffectGraphs":true,"m_FxEnabled":true},"in2DMode":false,"pivot":{"x":-1.1963508129119874,"y":3.9196457862854006,"z":-1.013798713684082},"rotation":{"x":0.16630275547504426,"y":-0.8175542950630188,"z":0.28995266556739809,"w":0.46896642446517947},"size":1.541643738746643,"orthographic":false}