{"cameraMode":{"drawMode":0,"name":"Shaded","section":"Shading Mode"},"sceneLighting":false,"audioPlay":false,"sceneViewState":{"m_AlwaysRefresh":false,"showFog":true,"showSkybox":false,"showFlares":true,"showImageEffects":true,"showParticleSystems":true,"showVisualEffectGraphs":true,"m_FxEnabled":true},"in2DMode":false,"pivot":{"x":0.07868832349777222,"y":0.004533708095550537,"z":-0.011434290558099747},"rotation":{"x":0.1994943916797638,"y":0.6665037274360657,"z":-0.19240257143974305,"w":0.692200243473053},"size":0.2726466655731201,"orthographic":false}